Designator,Footprint,Comment
MX126,ALPS-2.75U,2.75
MX125,ALPS-2.25U,2.25
"R1,R3,R2",R_0603_1608Metric,150ohms
"MX8,MX13,MX19,MX105,MX56,MX100,MX71,MX3,MX17,MX104,MX72,MX85,MX79,MX30,MX48,MX47,MX53,MX91,MX103,MX73,MX95,MX54,MX43,MX90,MX50,MX75,MX78,MX21,MX101,MX34,MX11,MX27,MX32,MX37,MX38,MX63,MX88,MX28,MX45,MX62,MX41,MX55,MX20,MX44,MX14,MX18,MX69,MX107,MX80,MX6,MX35,MX61,MX33,MX26,MX65,MX5,MX57,MX31,MX7,MX46,MX51,MX66,MX12,MX16,MX99,MX15,MX42,MX29,MX10,MX36,MX70,MX82,MX67,MX74,MX84,MX68,MX25,MX49,MX40,MX93,MX98,MX58,MX24,MX23,MX22,MX4,MX87,MX64",ALPS-1U,MX-NoLED
"MX92,MX119,MX94,MX81,MX77",ALPS-1.5U,1.5u
"MX116,MX108,MX112,MX114,MX121,MX111,MX115,MX109",ALPS-1.25U,1.25
"MX9,MX2,MX1",ALPS-1U,1u
"MX86,MX102,MX117,MX59,MX106",ALPS-2U,2u
MX110,ALPS-7U,7u
MX122,ALPS-1.75U,1.75
MX123,ALPS-3U,3u
MX118,ALPS-2.25U,ANSI Enter
"MX60,MX89,MX83,MX96",ALPS-1.75U,1.75u
MX76,ALPS-1.25U,1.25u
"MX39,MX97,MX120",ALPS-1.5U,1.5
U2,DIP-28_W7.62mm,MCP23017_SP
MX52,ALPS-ISO,ISOEnter
MX124,ALPS-2U,2
MX113,ALPS-6.25U,6.25
"D16,D4,D61,D50,D73,D10,D53,D75,D90,D30,D45,D8,D94,D92,D81,D31,D22,D23,D88,D43,D12,D25,D100,D107,D44,D21,D15,D39,D95,D60,D37,D40,D65,D1,D47,D27,D49,D7,D13,D17,D108,D67,D64,D79,D69,D11,D96,D9,D103,D86,D82,D104,D38,D98,D14,D91,D78,D72,D52,D68,D99,D56,D3,D6,D66,D26,D5,D33,D89,D58,D63,D109,D83,D54,D93,D34,D19,D87,D2,D18,D76,D57,D59,D32,D70,D29,D36,D35,D20,D28,D106,D55,D80,D48,D71,D51,D77,D46,D24,D85,D102,D74,D84,D97,D41,D105,D101,D42,D62",D_SOD-323F,D_Small
LED3,LED_D3.0mm-NoSilk,Scroll
LED1,LED_D3.0mm-NoSilk,Num
LED2,LED_D3.0mm-NoSilk,Caps
U1,ProMicro,ProMicro
"R5,R4",R_0805_2012Metric,1k
